name,coordinates,borough,url
United Fried Chicken & Pizza,"40.816647,-73.939216",Manhattan,https://www.zabihah.com/biz/83QBIJevzn
Junoon,"40.743193,-73.990838",Manhattan,https://www.zabihah.com/biz/Juu51mgGsv
Ambizza CafÃ© Truck,"40.7040511,-74.0090199",Manhattan,https://www.zabihah.com/biz/iH5TLZjUPt
Falafel on Broadway,"40.8145141601562,-73.9596633911133",Manhattan,https://www.zabihah.com/biz/aDsCvUAas7
Malai Marke,"40.7267912,-73.987791",Manhattan,https://www.zabihah.com/biz/tG84kmn0vh
Moustache Pitza,"40.728489,-73.983176",Manhattan,https://www.zabihah.com/biz/B0j1fGAm9w
Bawarchi,"40.7928009033203,-73.9504165649414",Manhattan,https://www.zabihah.com/biz/XogKYiIO2D
Kopi Kopi,"40.7293583,-73.9983012",Manhattan,https://www.zabihah.com/biz/U0gdTX6skb
The Halal Guys,"40.7323359,-73.984375",Manhattan,https://www.zabihah.com/biz/coTh4bOvVJ
Simit Sarayi,"40.751201,-73.9820617",Manhattan,https://www.zabihah.com/biz/cbCUHzPyGJ
Awadh,"40.7955865,-73.9707432",Manhattan,https://www.zabihah.com/biz/R9UNC9pTUa
Tallgrass Burger,"40.730414,-73.982879",Manhattan,https://www.zabihah.com/biz/QspxDJu8wu
Ravagh Persian Grill,"40.7274097,-73.9857329",Manhattan,https://www.zabihah.com/biz/L4sZSPOTF4
Atomic Wings,"40.7294723,-73.983672",Manhattan,https://www.zabihah.com/biz/0v6MFhkeRn
Deccan Spice,"40.742821,-73.982579",Manhattan,https://www.zabihah.com/biz/iRQLJ4KXll
Dera,"40.7421434,-73.9825013",Manhattan,https://www.zabihah.com/biz/deTtfqMidu
Turkuaz,"40.7653805,-73.9832642",Manhattan,https://www.zabihah.com/biz/7mVMcYHudt
Farah Anatolia,"40.7614764,-73.9601655",Manhattan,https://www.zabihah.com/biz/n3e8fyrS3P
Farida,"40.7555971,-73.9942743",Manhattan,https://www.zabihah.com/biz/MVyanqrS9N
Holy Cow,"40.7458746,-73.9879169",Manhattan,https://www.zabihah.com/biz/RSY6jsMu9i
NY Gyro Xpress,"40.7419003,-74.0006443",Manhattan,https://www.zabihah.com/biz/m0t7Zu4Xkt
Les Ambassades,"40.8060722,-73.9537925",Manhattan,https://www.zabihah.com/biz/VIYD0W8wkj
Manhattan Halal Restaurant,"40.7473849,-73.9923965",Manhattan,https://www.zabihah.com/biz/uwIQ86M7FC
Zeytin Mediterranean,"40.7057092,-74.0074731",Manhattan,https://www.zabihah.com/biz/nFgTGTOKf1
Aleef CafÃ©,"40.7561892,-73.9925985",Manhattan,https://www.zabihah.com/biz/9BXMgX9DKY
Rasa,"40.7327654,-73.9975674",Manhattan,https://www.zabihah.com/biz/tWTxHMKnBg
Afghan Kabob Express,"40.76303,-73.9781429",Manhattan,https://www.zabihah.com/biz/ZsNhuzMxwV
Turkuaz,"40.7643988,-73.9855199",Manhattan,https://www.zabihah.com/biz/LRdQeiRhpi
Shahi Biryani & Grill,"40.801197052002,-73.961051940918",Manhattan,https://www.zabihah.com/biz/9eFMlALato
Turco Mediterranean Grill,"40.7591309,-73.991787",Manhattan,https://www.zabihah.com/biz/Ia7j1BGl7P
Ravagh Persian Grill,"40.74571,-73.9854427",Manhattan,https://www.zabihah.com/biz/XhugphUeWR
Pars Grill House & Bar,"40.747105,-73.996286",Manhattan,https://www.zabihah.com/biz/PN8ZwMT9cm
Africa KinÃ©,"40.8040975,-73.9551198",Manhattan,https://www.zabihah.com/biz/IBEhnghsWq
Keur Sokhna,"40.8135742,-73.9448191",Manhattan,https://www.zabihah.com/biz/F6XWn1i6D0
Lasani,"40.745531,-73.987836",Manhattan,https://www.zabihah.com/biz/63aU505EOS
Pizza & Pita,"40.7440352,-73.9741738",Manhattan,https://www.zabihah.com/biz/jAkOh2gpqu
Halal Cart,"40.720755,-74.010001",Manhattan,https://www.zabihah.com/biz/i4olLlyhG6
Ali Baba's Turkish Cuisine,"40.7523489,-73.9700115",Manhattan,https://www.zabihah.com/biz/EgQ9lLD8yO
Ariana,"40.7651682,-73.9880105",Manhattan,https://www.zabihah.com/biz/gYTY2pHQKR
Smokey Burger Organic,"40.759482,-73.990467",Manhattan,https://www.zabihah.com/biz/V6URMFyiWe
Patiala,"40.7533315,-73.9961246",Manhattan,https://www.zabihah.com/biz/nwEa20UBt6
Afghan Kebab House #2,"40.767791,-73.959309",Manhattan,https://www.zabihah.com/biz/p371CkJPU4
BURGERS by Honest Chops,"40.7296283,-74.0010291",Manhattan,https://www.zabihah.com/biz/ooHf7rdvh5
Joy,"40.753516,-73.973653",Manhattan,https://www.zabihah.com/biz/TettM6rnke
ABA Turkish Restaurant,"40.767465,-73.9840271",Manhattan,https://www.zabihah.com/biz/3nQsdqBOqv
The Halal Guys,"40.7617697864771,-73.9790602773428",Manhattan,https://www.zabihah.com/biz/P6o0fLp5qc
Wall Street Halal Truck Guy,"40.70536,-74.00763",Manhattan,https://www.zabihah.com/biz/CAEdu8gmuk
Gyro Guy,"40.7585,-73.97915",Manhattan,https://www.zabihah.com/biz/qJo9A0S3BO
Halal Cart,"40.744008,-73.9856959",Manhattan,https://www.zabihah.com/biz/ddX9KeV0mk
Halal Cart Guy,"40.7142821,-74.0114694",Manhattan,https://www.zabihah.com/biz/Ox3pk3VY8o
Aamir Halal Food Cart,"40.757269,-73.9819229",Manhattan,https://www.zabihah.com/biz/m4BSFh8E4P
Ravagh Persian Grill,"40.7618603,-73.9606408",Manhattan,https://www.zabihah.com/biz/bCRiLZ9kfb
Baba Ghanouge,"40.7151396,-74.0077461",Manhattan,https://www.zabihah.com/biz/Ew0V9bxtJW
Masala Times,"40.7291529,-74.001681",Manhattan,https://www.zabihah.com/biz/5FNBwfno2J
Istanbul Kebab House,"40.7626288,-73.9893799",Manhattan,https://www.zabihah.com/biz/7X5ApgACKg
48th & 6th Halal Cart,"40.7586456,-73.9813552",Manhattan,https://www.zabihah.com/biz/hozKk7IT9k
Agora,"40.7749619,-73.9541997",Manhattan,https://www.zabihah.com/biz/RWcyuES6i9
Joy Curry & Tandoor,"40.752071,-73.984026",Manhattan,https://www.zabihah.com/biz/lVzcapyc2W
Shendey's Halal Cart,"40.75885,-73.974064",Manhattan,https://www.zabihah.com/biz/8MtTAlnCfz
Kennedy Fried Chicken,"40.729432,-73.978802",Manhattan,https://www.zabihah.com/biz/W6Scl5D3Np
Platter,"40.761147,-73.9795077",Manhattan,https://www.zabihah.com/biz/HGsPNPEwJm
Prince of Egypt Cart,"40.75535,-73.9754",Manhattan,https://www.zabihah.com/biz/eZoZvrc13V
Sip Sak,"40.754336,-73.968502",Manhattan,https://www.zabihah.com/biz/PegGC6hz63
Gyro Stand,"40.7533,-73.9726",Manhattan,https://www.zabihah.com/biz/E0yLOCjhgh
Swagat,"40.748144,-73.993104",Manhattan,https://www.zabihah.com/biz/5qHaVlNSTg
Tandoor Palace,"40.709268,-74.005846",Manhattan,https://www.zabihah.com/biz/tjKa16q0xY
Kennedy Fried Chicken,"40.8615532,-73.9250403",Manhattan,https://www.zabihah.com/biz/3k03WsUhm1
Tagine,"40.754057,-73.989497",Manhattan,https://www.zabihah.com/biz/qRwArWy6ta
Haveli,"40.727111,-73.988342",Manhattan,https://www.zabihah.com/biz/AIPzCSFbRu
Djerdan Burak,"40.7673191,-73.9691799",Manhattan,https://www.zabihah.com/biz/DyZP1IRh2h
Express Power Lunch Halal Food Cart,"40.7545719,-73.9716869",Manhattan,https://www.zabihah.com/biz/lVelROJzSx
Xpress Energy Halal Food Cart,"40.7040908,-74.0131726",Manhattan,https://www.zabihah.com/biz/VIVCayRt84
Big Boss Halal Chicken and Rice,"40.764918,-73.9551707",Manhattan,https://www.zabihah.com/biz/WBQyYpv70n
Hooda's Halal Food,"40.8073056,-73.9642983",Manhattan,https://www.zabihah.com/biz/ji8rtOxu4W
Little Gujrat Deli,"40.7996812,-73.9627757",Manhattan,https://www.zabihah.com/biz/MzRDhbMELP
Halal Food Cart,"40.7580271,-73.9818061",Manhattan,https://www.zabihah.com/biz/pK2QjSXb5Q
Halal Food Cart,"40.7484326,-73.9845368",Manhattan,https://www.zabihah.com/biz/P3G8eziHLf
Uskudar,"40.769637,-73.957767",Manhattan,https://www.zabihah.com/biz/tEYYKrxvBo
Mouez Halal Food Cart,"40.74309,-73.97402",Manhattan,https://www.zabihah.com/biz/EjvSmLVr9l
A La Turka,"40.7700884,-73.9576267",Manhattan,https://www.zabihah.com/biz/EvI9gJtxS9
Fahima Halal Food Cart,"40.7567813,-73.9826984",Manhattan,https://www.zabihah.com/biz/DUvbrBrJSq
Le Baobab,"40.802343,-73.9510933",Manhattan,https://www.zabihah.com/biz/bSpJmIgNBr
Gourmet Palace,"40.7459526062012,-73.9878234863281",Manhattan,https://www.zabihah.com/biz/xrPm2FMujZ
Penn Station Halal Cart,"40.75032,-73.991119",Manhattan,https://www.zabihah.com/biz/c7sU0rqtX8
Kebab & Curry In A Hurry,"40.8018929,-73.9344242",Manhattan,https://www.zabihah.com/biz/xDC3usYcM6
Casablanca Grill,"40.761618,-73.960492",Manhattan,https://www.zabihah.com/biz/Xe3xp8qg4D
The Halal Guys,"40.73234997689724,-73.98493967950344",Manhattan,https://www.zabihah.com/biz/d5DiMUWpRp
Chote Nawab,"40.745556,-73.977744",Manhattan,https://www.zabihah.com/biz/A2qe22yhni
Dhaba,"40.742409,-73.982952",Manhattan,https://www.zabihah.com/biz/BfXJzR75CU
Kharian Deli,"40.742821,-73.9969349",Manhattan,https://www.zabihah.com/biz/GBqyrcSK7s
Indian Fast Food,"40.7304004,-74.0002957",Manhattan,https://www.zabihah.com/biz/gq4ErQ5ofL
Casa La Femme,"40.7340458,-74.0080545",Manhattan,https://www.zabihah.com/biz/Gbe7lK3EeW
Chola,"40.742446,-73.982326",Manhattan,https://www.zabihah.com/biz/1npiIW4G2P
Ilili,"40.7444086,-73.9879156",Manhattan,https://www.zabihah.com/biz/ySneQBUVuX
Aangan,"40.7993344,-73.9687265",Manhattan,https://www.zabihah.com/biz/7ycZzolM3S
Brick Lane Curry House,"40.783552,-73.950933",Manhattan,https://www.zabihah.com/biz/pyvagoOwTT
Little Rascal,"40.7207892,-73.994925",Manhattan,https://www.zabihah.com/biz/ssCLCZxzb7
Naya Mezze & Grill,"40.758544,-73.966258",Manhattan,https://www.zabihah.com/biz/uNny5rUcs4
B&B,"40.7459173,-73.993616",Manhattan,https://www.zabihah.com/biz/x9NT2gMc8W
Bombay's,"40.703428,-74.011081",Manhattan,https://www.zabihah.com/biz/mdovuaPlzH
Jerusalem Restaurant,"40.7997549,-73.968584",Manhattan,https://www.zabihah.com/biz/uVN1nL641v
Kennedy Fried Chicken,"40.8444326,-73.937076",Manhattan,https://www.zabihah.com/biz/8FPKWvT6oK
Kennedy Chicken & Sandwiches,"40.834515,-73.9449619",Manhattan,https://www.zabihah.com/biz/7QSltMeGab
Pause CafÃ©,"40.721219,-73.9841088",Manhattan,https://www.zabihah.com/biz/SaD6xdubs8
Zerza Moroccan Home Cooking,"40.7267856,-73.9875974",Manhattan,https://www.zabihah.com/biz/59rGmBXaS0
Arabesque,"40.749283,-73.983182",Manhattan,https://www.zabihah.com/biz/4P461QvIqY
Sahara's,"40.74148,-73.978636",Manhattan,https://www.zabihah.com/biz/lzsiv91Gqg
Milon,"40.7656286,-73.957915",Manhattan,https://www.zabihah.com/biz/nc30EvgTN1
Lincoln Fried Chicken,"40.8150606,-73.9581293",Manhattan,https://www.zabihah.com/biz/FK1H9Rm2WB
Kati Roll Company,"40.7282691,-73.9874902",Manhattan,https://www.zabihah.com/biz/kXzzeLbgrj
Kati Roll Company,"40.7515453,-73.9735893",Manhattan,https://www.zabihah.com/biz/TdObLofKxX
Hayaty,"40.7258509,-73.9838781",Manhattan,https://www.zabihah.com/biz/LWXuRz6fV3
Le RÃªve Restaurant & Lounge,"40.759487,-73.971087",Manhattan,https://www.zabihah.com/biz/hPbyiuB5gI
Moustache Pitza,"40.7322175,-74.0052123",Manhattan,https://www.zabihah.com/biz/JtTl8xYuZW
Le Souk,"40.7278801,-73.9993396",Manhattan,https://www.zabihah.com/biz/OCip97LhoC
Taste of Persia,"40.7388719,-73.9929549",Manhattan,https://www.zabihah.com/biz/gFeRGq4LMT
Pasha,"40.7764537,-73.9790728",Manhattan,https://www.zabihah.com/biz/gFojLwoC0O
Balade,"40.73025,-73.983001",Manhattan,https://www.zabihah.com/biz/rN3Zt3F6Bk
Andaz,"40.76872,-73.954887",Manhattan,https://www.zabihah.com/biz/UlT6eiKTI0
La Nomade,"40.825221,-73.940585",Manhattan,https://www.zabihah.com/biz/TFQ1x2Tac1
Sheezan,"40.7156607,-74.0070321",Manhattan,https://www.zabihah.com/biz/6QhAYYMzxD
Shawarma Doner House,"40.7526907,-73.9852977",Manhattan,https://www.zabihah.com/biz/grweE707LF
Utsav,"40.7578271,-73.9824347",Manhattan,https://www.zabihah.com/biz/Qix0UZekba
Bombay Duck Co.,"40.729076,-74.001533",Manhattan,https://www.zabihah.com/biz/xINO7Qp6sJ
Moti Mahal Delux,"40.7620943,-73.9604595",Manhattan,https://www.zabihah.com/biz/96GeSfquwW
Mirch Masala,"40.729529,-74.00114",Manhattan,https://www.zabihah.com/biz/HQ0nhcZszB
Semsom Eatery,"40.7298791,-73.9925831",Manhattan,https://www.zabihah.com/biz/5PCnzCvSmi
Halaal Food Cart,"40.7540758,-73.9926227",Manhattan,https://www.zabihah.com/biz/K5wxE5KzvV
CafÃ© Fresco,"40.7621449,-73.9655126",Manhattan,https://www.zabihah.com/biz/Oyw0yUNVdm
Manousheh,"40.7294444,-74.0013077",Manhattan,https://www.zabihah.com/biz/FVX3NSYM54
Texas Chicken & Burgers,"40.8246131,-73.9512472",Manhattan,https://www.zabihah.com/biz/FRt2GXWmoE
Texas Chicken & Burgers,"40.8132478,-73.941836",Manhattan,https://www.zabihah.com/biz/aTBZazMjJY
Texas Chicken & Burgers,"40.7902592,-73.9472408",Manhattan,https://www.zabihah.com/biz/G0NEnzeXQB
Texas Chicken & Burgers,"40.804158,-73.9552561",Manhattan,https://www.zabihah.com/biz/K5oLGy5tpS
Alachi Masala,"40.7861914,-73.9764569",Manhattan,https://www.zabihah.com/biz/aR5VWBedyT
Persepolis,"40.7698353,-73.9579965",Manhattan,https://www.zabihah.com/biz/YBXyoNHQxp
Spice Symphony,"40.744727,-73.9811948",Manhattan,https://www.zabihah.com/biz/OmZbnNLhvw
Desi Galli,"40.7420821,-73.982543",Manhattan,https://www.zabihah.com/biz/y3yA9UTmrz
indikitch,"40.7421758,-73.9904711",Manhattan,https://www.zabihah.com/biz/dZtBI0QUer
indikitch,"40.7656661,-73.9832355",Manhattan,https://www.zabihah.com/biz/bS0C1DkuZP
Akdeniz,"40.756666,-73.979916",Manhattan,https://www.zabihah.com/biz/pGfNzaqnOl
Kabab Bites,"40.7199353,-73.9958662",Manhattan,https://www.zabihah.com/biz/vBzT5kYPOZ
Souk & Sandwich,"40.7238104,-74.0050268",Manhattan,https://www.zabihah.com/biz/ZnfwClcVrJ
Indian Project,"40.7542964,-73.9902275",Manhattan,https://www.zabihah.com/biz/RPqp4Rmq1M
Balade Your Way,"40.7526259,-73.9885921",Manhattan,https://www.zabihah.com/biz/AQV05sDrrj
City Spice CafÃ©,"40.740687,-73.981359",Manhattan,https://www.zabihah.com/biz/iLBFIKKqew
Cava Grill,"40.7337718,-73.9896361",Manhattan,https://www.zabihah.com/biz/kCiEA6sx9g
Fogo de ChÃ£o,"40.7611228,-73.9780123",Manhattan,https://www.zabihah.com/biz/t4RGLY2diM
Galata,"40.745244,-73.9776803",Manhattan,https://www.zabihah.com/biz/uOWdfK4EB5
Village Fried Chicken ,"40.8259088,-73.9467283",Manhattan,https://www.zabihah.com/biz/FG4gc12GsJ
Kottu House,"40.7182032,-73.9896577",Manhattan,https://www.zabihah.com/biz/36eHq4CQv1
Marc Forgione,"40.7165695,-74.0095233",Manhattan,https://www.zabihah.com/biz/JlLd51balX
Da Falafel Guys,"40.7195221,-73.9871813",Manhattan,https://www.zabihah.com/biz/eSTuPUxjqy
Berber Street Food,"40.7302497,-74.0033643",Manhattan,https://www.zabihah.com/biz/Cr1xH6OMmK
Minetta Tavern,"40.7299881,-74.0007016",Manhattan,https://www.zabihah.com/biz/Cv2QomCcUH
Sumela Mediterranean CafÃ© & Grill,"40.7749974,-73.9504001",Manhattan,https://www.zabihah.com/biz/VQqo7DxjTE
Cinnamon Garden,"40.7266901,-73.9872499",Manhattan,https://www.zabihah.com/biz/PLeeH6rz1d
Top Thai,"40.7297752,-73.9994047",Manhattan,https://www.zabihah.com/biz/MPsvQBdbis
Tabouleh,"40.7613639,-73.9907959",Manhattan,https://www.zabihah.com/biz/At0Gkv5uwZ
Zeytin,"40.7087856,-74.0068304",Manhattan,https://www.zabihah.com/biz/1anpFW7qzG
Kusharista,"40.7294154,-74.0007476",Manhattan,https://www.zabihah.com/biz/GesRy1CDcq
Bali Kitchen,"40.7252683,-73.9875712",Manhattan,https://www.zabihah.com/biz/xDt1PYr89W
Salam CafÃ©,"40.7367323,-73.9979586",Manhattan,https://www.zabihah.com/biz/3H7aRDFHBT
Byblos,"40.7442763,-73.9858954",Manhattan,https://www.zabihah.com/biz/dcFGVGmueW
Gardenia Terrace,"40.7675768,-73.9892241",Manhattan,https://www.zabihah.com/biz/E1wi4FCUBN
Miraj Healthy Grill,"40.7464441,-73.9802022",Manhattan,https://www.zabihah.com/biz/sI03NrQ1KH
Panorama,"40.7329154,-73.9909486",Manhattan,https://www.zabihah.com/biz/8mrOAG8HYd
Masala King,"40.749528,-73.9876174",Manhattan,https://www.zabihah.com/biz/u9ifMfnlnq
This is Gyro,"40.7156902,-74.0076053",Manhattan,https://www.zabihah.com/biz/BBEpPE7SFj
NYU Lipton Dining Hall,"40.7317265,-73.9996036",Manhattan,https://www.zabihah.com/biz/CSXBbojRYL
Kennedy Fried Chicken,"40.7974902,-73.9491849",Manhattan,https://www.zabihah.com/biz/IoTq8IRm92
Crown Fried Chicken,"40.7949725,-73.9445009",Manhattan,https://www.zabihah.com/biz/wdbNVyhrnG
Cava Grill,"40.7416419,-73.9933102",Manhattan,https://www.zabihah.com/biz/AEzwXq7AcH
Cava Grill,"40.740879,-73.985488",Manhattan,https://www.zabihah.com/biz/IrIjHM8mWB
Cava Grill,"40.752845,-73.987626",Manhattan,https://www.zabihah.com/biz/CrURzWtpGh
Cava Grill,"40.7541476,-73.9818586",Manhattan,https://www.zabihah.com/biz/r8gQ54iKII
Cava Grill,"40.7218736,-73.9965295",Manhattan,https://www.zabihah.com/biz/SxsLBKNiCA
Afandi Asian Grill,"40.7284627,-73.9850071",Manhattan,https://www.zabihah.com/biz/zHKtKA6i3q
Accra,"40.8076608,-73.9487865",Manhattan,https://www.zabihah.com/biz/g7sKWNu7sC
Skewr Kabob Kitchen,"40.7404492,-73.9875762",Manhattan,https://www.zabihah.com/biz/yqH6BN7lKk
Teranga,"40.7961886,-73.949116",Manhattan,https://www.zabihah.com/biz/xFRGTUHgbA
Toum,"40.754707,-73.991633",Manhattan,https://www.zabihah.com/biz/p5d2Sg3vAe
Lezzet,"40.7634701,-73.9678252",Manhattan,https://www.zabihah.com/biz/qE5jDTWxZK
The Hummus & Pita Co.,"40.7392013,-73.9959348",Manhattan,https://www.zabihah.com/biz/oKHnP2udm1
The Hummus & Pita Co.,"40.7146474,-74.006858",Manhattan,https://www.zabihah.com/biz/Jqp65JyLSa
The Hummus & Pita Co.,"40.7557131,-73.9906592",Manhattan,https://www.zabihah.com/biz/Uvs9pgyV5z
Champion Pizza,"40.7197418,-73.9877989",Manhattan,https://www.zabihah.com/biz/RKZTDv7O4C
Aladdin Grill & Rice,"40.8505637,-73.9376813",Manhattan,https://www.zabihah.com/biz/sVRhVphTgV
Bombay Chowk,"40.7687153,-73.9549647",Manhattan,https://www.zabihah.com/biz/pUH8bKSVVB
Afghan Kebab House,"40.764185,-73.988244",Manhattan,https://www.zabihah.com/biz/kBik5O46Rh
Cuisine of Pakistan,"40.7549783,-73.9948512",Manhattan,https://www.zabihah.com/biz/MH1jIJhaKB
Omar's Mediterranean Grill,"40.7591886,-73.9691586",Manhattan,https://www.zabihah.com/biz/mk6TU40qoh
Kati Roll Company,"40.757405,-73.968071",Manhattan,https://www.zabihah.com/biz/RtZCSSCCQk
Bukhara Grill,"40.755124,-73.970631",Manhattan,https://www.zabihah.com/biz/ukq9oNBMe5
Chandni,"40.745905,-73.987711",Manhattan,https://www.zabihah.com/biz/xkbmIMqu3a
Rafiqi's Halal Food Cart,"40.7310667,-73.9919704",Manhattan,https://www.zabihah.com/biz/0nYPpowSPM
Biryani Cart,"40.7573947,-73.9822628",Manhattan,https://www.zabihah.com/biz/RnPgrcFbti
KFC,"40.82987,-73.9483382",Manhattan,https://www.zabihah.com/biz/fXMNfjL2BB
AnTalia,"40.756012,-73.980306",Manhattan,https://www.zabihah.com/biz/VlNamNvaoV
Khyber Pass,"40.72864,-73.988379",Manhattan,https://www.zabihah.com/biz/6pw6x427mh
Pakistan Tea House,"40.7156073,-74.0076212",Manhattan,https://www.zabihah.com/biz/s87rgoFEeX
Curry Hut,"40.7568264,-73.9936103",Manhattan,https://www.zabihah.com/biz/oVxy8lwV57
Big Arc Chicken,"40.7311945,-73.9829827",Manhattan,https://www.zabihah.com/biz/pHLitAJXUh
Queen Sheeba,"40.8208081,-73.9447675",Manhattan,https://www.zabihah.com/biz/xasxNWBtLJ
Kati Roll Company,"40.7296885,-74.0011688",Manhattan,https://www.zabihah.com/biz/injM6ubs0R
Hudson Halal Food Cart,"40.713351,-74.0121273",Manhattan,https://www.zabihah.com/biz/J0aW5mRAVT
Sammi's Halal Cart,"40.7317,-74.000959",Manhattan,https://www.zabihah.com/biz/gwN7TjJsv6
Salt and Pepper,"40.750927,-73.98936",Manhattan,https://www.zabihah.com/biz/7SSvFkRDuA
No Pork Halal Kitchen,"40.793148,-73.940944",Manhattan,https://www.zabihah.com/biz/mdeDj2PQhM
Haandi,"40.742462,-73.982577",Manhattan,https://www.zabihah.com/biz/ZY7uUSz2oW
Halal Chicken at Columbia U,"40.8081,-73.964",Manhattan,https://www.zabihah.com/biz/EkeGU4JqYn
Halal Cart Vendor,"40.7074,-74.0041",Manhattan,https://www.zabihah.com/biz/afVTYFcPJB
Halal Village,"40.724143,-73.988031",Manhattan,https://www.zabihah.com/biz/yT7BIcwmFF
Chicken Guy Cart,"40.8422,-73.9423",Manhattan,https://www.zabihah.com/biz/LxrcZAUa5b
Sammy's Halal Cart,"40.7284,-73.9943",Manhattan,https://www.zabihah.com/biz/6Kbn7aXMya
Kimmel Market Place,"40.7299366,-73.9978275",Manhattan,https://www.zabihah.com/biz/KxneecxQ17
Halal Cart,"40.72258,-74.006309",Manhattan,https://www.zabihah.com/biz/fZReEd3oYZ
Adel's Halal Food,"40.7598896,-73.9804421",Manhattan,https://www.zabihah.com/biz/LCw0ZqSwiO
Halal Food Cart,"40.752159,-73.987491",Manhattan,https://www.zabihah.com/biz/nKv5HiWOat
Bombay Deli,"40.754538,-73.9949841",Manhattan,https://www.zabihah.com/biz/7zttRYyOKs
Sheezaan,"40.715736,-74.007289",Manhattan,https://www.zabihah.com/biz/7WvjMSsmKO
The MasalaWala,"40.721573,-73.986657",Manhattan,https://www.zabihah.com/biz/BSLCUMI3fQ
The Halal Guys,"40.7617697864771,-73.9790602773428",Manhattan,https://www.zabihah.com/biz/FV9fjDhOQ1
The Halal Guys,"40.76296001672745,-73.98190006613731",Manhattan,https://www.zabihah.com/biz/ptfyjIzRAE
Salaam Bombay,"40.7169975,-74.0106249",Manhattan,https://www.zabihah.com/biz/2zf3M54W0T
B & D Halal,"40.7478016,-73.9922881",Manhattan,https://www.zabihah.com/biz/s4aVRdom4y
Indo Pak Halal,"40.7942515,-73.9398034",Manhattan,https://www.zabihah.com/biz/DQjLcHCZmq
Kati Roll Company,"40.752803,-73.984577",Manhattan,https://www.zabihah.com/biz/1bGh5eWBCA
Bhatti Indian Grill,"40.74222,-73.98309",Manhattan,https://www.zabihah.com/biz/cq39aSbxkC
Au Za'atar,"40.7288533,-73.9811442",Manhattan,https://www.zabihah.com/biz/xCPnrJVAoF
Baluchi's,"40.7551156,-73.9821244",Manhattan,https://www.zabihah.com/biz/Gmch6AtTUr
The Halal Guys,"40.793661,-73.970994",Manhattan,https://www.zabihah.com/biz/UjstBfCg5g
Pikine African Restaurant,"40.8041966,-73.9544184",Manhattan,https://www.zabihah.com/biz/qf0zVUEARH
Nusr-Et Steakhouse,"40.761254,-73.978765",Manhattan,https://www.zabihah.com/biz/rxcfKby2z4
Z Deli & Pizza,"40.7614326,-73.9869702",Manhattan,https://www.zabihah.com/biz/pNyd9f9KCD
Curry in a Hurry,"40.742638,-73.982139",Manhattan,https://www.zabihah.com/biz/QodiFLAKiE
Seven's Turkish Grill,"40.778015,-73.98099",Manhattan,https://www.zabihah.com/biz/XkVeYuylc3
Anka Grill,"40.7593494,-73.9705382",Manhattan,https://www.zabihah.com/biz/yDdlhfhuDv
Diwan e Khaas,"40.7090346,-74.0091352",Manhattan,https://www.zabihah.com/biz/JAZGiYCJSP
Crown Fried Chicken,"40.7982574,-73.9416842",Manhattan,https://www.zabihah.com/biz/b8QUyMMJ8P
Great Sphinx Halal Food,"40.7420687,-74.0043379",Manhattan,https://www.zabihah.com/biz/55g6xGIfXW
Halal Food Cart,"40.76011,-73.98482",Manhattan,https://www.zabihah.com/biz/62pZbcHhd4
Lemony Greek Yeero Bar,"40.7518385,-73.991313",Manhattan,https://www.zabihah.com/biz/Ug1rP4qg1q
Love Mama,"40.7303859,-73.9860613",Manhattan,https://www.zabihah.com/biz/QviI4jRq2J
Ashoka Grill,"40.635562,-73.9510279",Brooklyn,https://www.zabihah.com/biz/DuijmRsDwd
Lutheran Halal CafÃ©,"40.6480677,-74.0179686",Brooklyn,https://www.zabihah.com/biz/d9LpY9WOYM
Istanbul Park,"40.667791,-73.980478",Brooklyn,https://www.zabihah.com/biz/rErIPSugbB
Sahara Sweets & Bakery,"40.632453,-73.967181",Brooklyn,https://www.zabihah.com/biz/PpUZnSVqNF
Crown Fried Chicken,"40.680117,-73.940578",Brooklyn,https://www.zabihah.com/biz/aP4WEWG8rM
Mazedar Zabiha Halal Meat & Grocery,"40.6411059,-73.9691875",Brooklyn,https://www.zabihah.com/biz/QCJINLZXZm
Kashmir Grill,"40.637501,-73.968636",Brooklyn,https://www.zabihah.com/biz/MrVo0MXlHa
Opera CafÃ© Lounge,"40.5838731,-73.9446717",Brooklyn,https://www.zabihah.com/biz/v6kCGjOmX5
Greenhouse,"40.642355,-73.979884",Brooklyn,https://www.zabihah.com/biz/AzgPXiq0pt
Kofte Piyaz,"40.6514343,-74.003583",Brooklyn,https://www.zabihah.com/biz/9oSfORo4nr
Khan's Gyro & Fried Chicken,"40.6018939,-74.0023359",Brooklyn,https://www.zabihah.com/biz/aCSmVL8ndS
Flatbush Halal Restaurant,"40.640733,-73.956189",Brooklyn,https://www.zabihah.com/biz/ZETQV94urK
Sweetness USA,"40.6296198,-73.9661661",Brooklyn,https://www.zabihah.com/biz/DoumW8ebH1
Java Rijsttafel,"40.662645,-73.9847769",Brooklyn,https://www.zabihah.com/biz/WfSXcRFEdO
Beyti Turkish Kebab,"40.577072,-73.9627471",Brooklyn,https://www.zabihah.com/biz/9pddjFJcEG
Dar 525,"40.7112458,-73.9503412",Brooklyn,https://www.zabihah.com/biz/oa5x28KTWy
Sahara Ark,"40.6838129,-73.9676444",Brooklyn,https://www.zabihah.com/biz/BHABhySp46
New York Falafel,"40.704273,-73.918716",Brooklyn,https://www.zabihah.com/biz/LvTEBmVUFl
David's Brisket House & Deli,"40.679092,-73.949333",Brooklyn,https://www.zabihah.com/biz/C1DjKyN9fw
Your House CafÃ©,"40.6343104,-74.0239418",Brooklyn,https://www.zabihah.com/biz/Ecs6RBv0xD
Halal International,"40.6843652,-73.9788458",Brooklyn,https://www.zabihah.com/biz/9JA3jkgmnS
Anatolian Gyro,"40.5874455,-73.9533035",Brooklyn,https://www.zabihah.com/biz/GKOwA7DOnK
Mis Grill,"40.6714753,-73.984691",Brooklyn,https://www.zabihah.com/biz/yi6QNX8GrM
Taheni Mediterranean Grill,"40.6773986,-73.9833839",Brooklyn,https://www.zabihah.com/biz/GMTwBc9FR2
Brooklyn Halal Grill,"40.6785742,-73.866771",Brooklyn,https://www.zabihah.com/biz/DPVfrT4IKs
Momo's Mediterranean Grill,"40.6794112,-73.8636546",Brooklyn,https://www.zabihah.com/biz/HrYyXl93Fl
Burger Box,"40.5936372,-73.9402846",Brooklyn,https://www.zabihah.com/biz/zuLbMiPmbk
My House Burgers & Shakes,"40.5865592956543,-73.9528045654297",Brooklyn,https://www.zabihah.com/biz/4unx37htae
Ali's Roti Shop,"40.680582,-73.95031",Brooklyn,https://www.zabihah.com/biz/lDVcfgWyeY
Gyro King,"40.6321406364441,-73.9671713858843",Brooklyn,https://www.zabihah.com/biz/x017RNZFTm
Pakiza,"40.632459,-73.96692",Brooklyn,https://www.zabihah.com/biz/IGyB8Rj1aS
Moon CafÃ©,"40.685702,-73.981677",Brooklyn,https://www.zabihah.com/biz/3RnqAlbU4n
CafÃ© Kashker,"40.577691,-73.955821",Brooklyn,https://www.zabihah.com/biz/OkghhMVKbJ
Pak Nasheman,"40.57883,-73.959688",Brooklyn,https://www.zabihah.com/biz/70ZcePXSgx
Curry Heights,"40.6936836242676,-73.9921569824219",Brooklyn,https://www.zabihah.com/biz/gkrd2zjAX6
King Falafel,"40.6320086,-74.0277747",Brooklyn,https://www.zabihah.com/biz/hnStfMuUXZ
The Soul Spot,"40.688194,-73.988895",Brooklyn,https://www.zabihah.com/biz/vsgizmleQB
Yemen CafÃ©,"40.694592,-73.990654",Brooklyn,https://www.zabihah.com/biz/8MTsvQ3fGu
China Pagoda,"40.6331289,-74.021443",Brooklyn,https://www.zabihah.com/biz/JBSlM18abf
SkyIce Sweet & Savory,"40.6806411743164,-73.9772872924805",Brooklyn,https://www.zabihah.com/biz/KopOcOa0Wf
No Pork Halal Kitchen,"40.6833167,-73.9793344",Brooklyn,https://www.zabihah.com/biz/BcDmda99NN
Taci's Beyti,"40.6095468,-73.9619691",Brooklyn,https://www.zabihah.com/biz/MPKui0m7mt
First Oasis,"40.6179576,-74.0305715",Brooklyn,https://www.zabihah.com/biz/3rJeIhVnMW
La Bella Pizza Express,"40.601897,-73.994243",Brooklyn,https://www.zabihah.com/biz/RZrCxe3NWu
Istanbul Restaurant,"40.583495,-73.951349",Brooklyn,https://www.zabihah.com/biz/BVeUDmGqzX
Al-Noor Halal Deli,"40.663333,-73.995415",Brooklyn,https://www.zabihah.com/biz/YaucBPpYSs
Abir Halal,"40.6808053,-73.9498549",Brooklyn,https://www.zabihah.com/biz/UhixRTd0DP
Jamal's Halal Restaurant & Bakery,"40.6786093,-73.9216938",Brooklyn,https://www.zabihah.com/biz/H6HQewEzQM
Joloff,"40.684151,-73.954076",Brooklyn,https://www.zabihah.com/biz/04bQPl2SIL
Kennedy Fried Chicken,"40.576734,-73.9817829",Brooklyn,https://www.zabihah.com/biz/2V0jvDRqHn
Punjab Grocery,"40.6310864,-73.9663453",Brooklyn,https://www.zabihah.com/biz/DZfg2ymNSd
Gourmet Sweets,"40.6305567,-73.9661876",Brooklyn,https://www.zabihah.com/biz/GStWwuuhqU
GÃ¼llÃ¼oÄlu CafÃ©,"40.6088256835938,-73.9617614746094",Brooklyn,https://www.zabihah.com/biz/ELKuUBweFw
KFC,"40.727434,-73.9447994",Brooklyn,https://www.zabihah.com/biz/3oZRHdZxBu
Shawarma Cart,"40.7037565,-73.918386",Brooklyn,https://www.zabihah.com/biz/VYjG5DbpyC
Halal Paradise Truck,"40.6839862,-73.9785823",Brooklyn,https://www.zabihah.com/biz/ryloslJ6Ds
Famous Turkish Gyro,"40.610753,-73.96214",Brooklyn,https://www.zabihah.com/biz/jSdRryCv4E
Gyro CafÃ©,"40.643152,-73.970207",Brooklyn,https://www.zabihah.com/biz/EeU18GjZU2
Abdullah Sweets & Restaurant,"40.6427709,-73.9799497",Brooklyn,https://www.zabihah.com/biz/ZiQJdn8zTB
Chicken Express,"40.6295072,-73.9665638",Brooklyn,https://www.zabihah.com/biz/HpXzTNfn8c
Kennedy Fried Chicken,"40.6397066,-74.0087599",Brooklyn,https://www.zabihah.com/biz/eIcIP8oW5a
CafÃ© Kashkar,"40.5778506,-73.9553251",Brooklyn,https://www.zabihah.com/biz/JuMXMegKH0
Crown Chicken & Biscuit,"40.643627,-73.901169",Brooklyn,https://www.zabihah.com/biz/dWYvXTaNPZ
Gandhi Fine Indian Cuisine,"40.6551301,-73.9563306",Brooklyn,https://www.zabihah.com/biz/vvhHY7eKM2
Crown Fried Chicken,"40.656132,-73.949869",Brooklyn,https://www.zabihah.com/biz/PsrUj439aQ
Bedawi CafÃ©,"40.658641,-73.982249",Brooklyn,https://www.zabihah.com/biz/Fl53ffjjzG
Halal Food Cart,"40.59034,-73.972089",Brooklyn,https://www.zabihah.com/biz/zVhNHZiUMA
Crown Fried Chicken,"40.680265,-73.947054",Brooklyn,https://www.zabihah.com/biz/9F3VJ50Mmv
Kennedy Fried Chicken,"40.638816,-73.948461",Brooklyn,https://www.zabihah.com/biz/mr9cLNDOMe
Halal Cart,"40.68040765821934,-73.95337142050266",Brooklyn,https://www.zabihah.com/biz/KPOMb6kd9Y
Crazy Fried Chicken,"40.699984,-73.907418",Brooklyn,https://www.zabihah.com/biz/dRIMpIG1SG
Sakman Deli & Grill,"40.635132,-74.023299",Brooklyn,https://www.zabihah.com/biz/WC2MrtK9O2
Damas Falafel House,"40.6932337,-73.9695311",Brooklyn,https://www.zabihah.com/biz/VHqdwZ8XEX
Kennedy Fried Chicken & Pizza,"40.67046,-73.928749",Brooklyn,https://www.zabihah.com/biz/8hbOEYJH0q
Al-Safa,"40.6257736,-74.0243273",Brooklyn,https://www.zabihah.com/biz/X68OgbhEsX
Shandar Sweets & Restaurant,"40.6409378051758,-73.9688873291016",Brooklyn,https://www.zabihah.com/biz/dsq9mgxiOQ
Mr. Falafel,"40.6703033447266,-73.9791030883789",Brooklyn,https://www.zabihah.com/biz/HKElM5sSrp
Fava Mediterranean Grill,"40.632868,-74.020995",Brooklyn,https://www.zabihah.com/biz/T6qbi3icUB
Halal Cart Food,"40.707095,-73.8972396",Brooklyn,https://www.zabihah.com/biz/dD0cBpTjAR
Shama ,"40.5813293457031,-73.9617156982422",Brooklyn,https://www.zabihah.com/biz/TaQAJelld5
Bombay Heights,"40.6881484985352,-73.9545516967773",Brooklyn,https://www.zabihah.com/biz/6PfczTzUtb
Nepalese Indian Restaurant,"40.7006416320801,-73.9037017822266",Brooklyn,https://www.zabihah.com/biz/iCCoqKzmAG
Agra Heights,"40.6980171203613,-73.9214706420898",Brooklyn,https://www.zabihah.com/biz/Y2Y7mnjzik
Hadramout,"40.68982,-73.993896",Brooklyn,https://www.zabihah.com/biz/wG95HEs2B0
Masal CafÃ© & Lounge,"40.5837785,-73.9490203",Brooklyn,https://www.zabihah.com/biz/ZYxrfYjUYQ
Baluchi's,"40.6733263,-73.9831495",Brooklyn,https://www.zabihah.com/biz/QwLSOQH2Dh
Taksim Square (II),"40.659976,-73.998948",Brooklyn,https://www.zabihah.com/biz/rgUILs4rf2
Halal Shish Kebab & Gyro,"40.6310987,-74.0222295",Brooklyn,https://www.zabihah.com/biz/t0wUzoLQGA
Kestane Kebab,"40.724056,-73.949349",Brooklyn,https://www.zabihah.com/biz/sR4QdPkI2S
Sido Gourmet,"40.6426963806152,-73.9999008178711",Brooklyn,https://www.zabihah.com/biz/c76Mkahzfr
Yemen Alsaeed CafÃ©,"40.631988,-74.021966",Brooklyn,https://www.zabihah.com/biz/ywgzSlN5t7
Yemen Cuisine,"40.689167,-73.9922689",Brooklyn,https://www.zabihah.com/biz/H59eZ7H4sv
Halal Restaurant Corp.,"40.6805734,-73.9541161",Brooklyn,https://www.zabihah.com/biz/OiyncmHATv
Aksaray Turkish CafÃ©,"40.6100263,-73.9576104",Brooklyn,https://www.zabihah.com/biz/YwLiBd3KvL
Meena House CafÃ©,"40.633642,-74.021502",Brooklyn,https://www.zabihah.com/biz/j8LqY0OCQc
Madina Restaurant & Sweets,"40.643568,-73.969814",Brooklyn,https://www.zabihah.com/biz/Alw3KwQ4oN
King of Tandoor,"40.631814,-74.02732",Brooklyn,https://www.zabihah.com/biz/ZTgXxzUdY8
King of Tandoor,"40.6588769,-73.960807",Brooklyn,https://www.zabihah.com/biz/dn5640dEnU
La Goulette ,"40.7147596,-73.961605",Brooklyn,https://www.zabihah.com/biz/XsHi7uwozq
Curry Heaven,"40.7112197875977,-73.9506454467773",Brooklyn,https://www.zabihah.com/biz/hD1YsIKTYA
Oasis of Greenpoint,"40.728948,-73.950182",Brooklyn,https://www.zabihah.com/biz/EUUX1Qx4Io
God Bless Deli,"40.7283382,-73.9532736",Brooklyn,https://www.zabihah.com/biz/5gXMynghmC
Nostrand Express Deli,"40.631739,-73.947875",Brooklyn,https://www.zabihah.com/biz/I2MEqoFLrj
Tripoli,"40.690043,-73.9946329",Brooklyn,https://www.zabihah.com/biz/MizRUSM2AO
Organic Halal Deli,"40.5767499,-74.00225",Brooklyn,https://www.zabihah.com/biz/qHJPKDIdUo
Rocca CafÃ© Lounge,"40.5834713,-73.9408444",Brooklyn,https://www.zabihah.com/biz/gbEET4Ox9C
Bushwick Pita Palace,"40.7075391,-73.9395933",Brooklyn,https://www.zabihah.com/biz/qPa7v6XsTI
Emir Palace,"40.631807,-73.9755799",Brooklyn,https://www.zabihah.com/biz/OTyvBDqN6h
Uzbechka,"40.610012,-73.983566",Brooklyn,https://www.zabihah.com/biz/4j0B8FAPGv
GÃ¼llÃ¼oglu Baklava CafÃ©,"40.5767059,-73.9660957",Brooklyn,https://www.zabihah.com/biz/UzLZgKtyi2
Deniz,"40.686565,-73.975703",Brooklyn,https://www.zabihah.com/biz/YeycEGO6u3
Buka,"40.6823661,-73.962986",Brooklyn,https://www.zabihah.com/biz/faYklcQSvi
CafÃ© Rue Dix,"40.6735081,-73.9537602",Brooklyn,https://www.zabihah.com/biz/x0r6X7klcg
Le Sajj,"40.624079927802086,-74.0247892588377",Brooklyn,https://www.zabihah.com/biz/cg1LpU4dcb
Crown Fried Chicken,"40.6358449,-73.9621982",Brooklyn,https://www.zabihah.com/biz/brjkSeO3L9
Kennedy Fried Chicken,"40.639424,-73.954933",Brooklyn,https://www.zabihah.com/biz/nVGoCfCZ7n
Bab Alhara,"40.6228962,-74.0288294",Brooklyn,https://www.zabihah.com/biz/wxME2CEZIy
Cocoa Grinder,"40.6229605,-74.0282844",Brooklyn,https://www.zabihah.com/biz/1w7YsK50Sl
Mumbai Place,"40.6771484,-73.9687141",Brooklyn,https://www.zabihah.com/biz/Dy90kfZg15
Lazzat,"40.601711,-74.00151",Brooklyn,https://www.zabihah.com/biz/347LqCyrcu
All About Indian Food,"40.70231,-73.936898",Brooklyn,https://www.zabihah.com/biz/8NeYi1TZ08
Chubby's Chicken & Burgers,"40.634188,-74.026353",Brooklyn,https://www.zabihah.com/biz/c7OredHMgo
Bombay Grill,"40.6223669,-74.031829",Brooklyn,https://www.zabihah.com/biz/tmHjT5eMcB
Mocha Mocha Coffee,"40.622738,-74.028715",Brooklyn,https://www.zabihah.com/biz/q4mFkZgViv
Keep It Halal,"40.6292657,-73.9662669",Brooklyn,https://www.zabihah.com/biz/0ofxZXCdKb
Agra King,"40.622162,-73.935937",Brooklyn,https://www.zabihah.com/biz/oreyp8JWfS
Clubs Gyro,"40.66339172422886,-73.9509641379118",Brooklyn,https://www.zabihah.com/biz/r8fpbiE36w
Istanbul Kitchen,"40.621105,-74.025032",Brooklyn,https://www.zabihah.com/biz/czKBpUGwVc
Crisp & Crunch,"40.6394387,-73.9549705",Brooklyn,https://www.zabihah.com/biz/bpiB6LwJXr
Safari,"40.8038583,-73.9535534",Brooklyn,https://www.zabihah.com/biz/pDKs6MzyUO
CafÃ© Dushanbe,"40.5839958190918,-73.95101928710938",Brooklyn,https://www.zabihah.com/biz/MrpWEeiXfD
Azerbaijan House,"40.58754348754883,-73.95549011230469",Brooklyn,https://www.zabihah.com/biz/Ypv7y5EisH
Crown Fried Chicken,"40.63418045639992,-73.95006291568279",Brooklyn,https://www.zabihah.com/biz/SD62CRGwrW
Atomic Wings,"40.654914,-73.9612171",Brooklyn,https://www.zabihah.com/biz/b6p9q1iVst
Kennedy Fried Chicken,"40.64524841308594,-73.94930267333984",Brooklyn,https://www.zabihah.com/biz/MIBwXgTWM6
Palace on Fulton,"40.6787649,-73.924062",Brooklyn,https://www.zabihah.com/biz/kRKPuxF7pv
Gusho Healthy Choice,"40.6797345,-73.9291398",Brooklyn,https://www.zabihah.com/biz/nISftJdozO
US Fried Chicken & Pizza,"40.6571097,-73.9502599",Brooklyn,https://www.zabihah.com/biz/lRyJQIUPtH
BK JANI,"40.701959,-73.924409",Brooklyn,https://www.zabihah.com/biz/rcXuJYJ9SN
Harway Pizza Gyro Falafel,"40.5876534,-73.9838524",Brooklyn,https://www.zabihah.com/biz/aZLSXbE3NY
Sultan,"40.6902126,-73.99508",Brooklyn,https://www.zabihah.com/biz/nV1maW3TCM
Gyro Mania,"40.5990025,-73.9979668",Brooklyn,https://www.zabihah.com/biz/4oL4Oa6btT
Anarkali,"40.647486,-73.9685783",Brooklyn,https://www.zabihah.com/biz/aeFW0gWzMW
NY Fried Chicken & Pizza,"40.6502533,-73.9555187",Brooklyn,https://www.zabihah.com/biz/wtKTuzEkZ4
Sal's Restaurant,"40.6702664,-73.9583953",Brooklyn,https://www.zabihah.com/biz/6LXCLVtoPP
Motin Spices & Sweets,"40.6792101,-73.8645973",Brooklyn,https://www.zabihah.com/biz/jz25BIA6IK
Kennedy Fried Chicken & Pizza,"40.5924589,-73.978076",Brooklyn,https://www.zabihah.com/biz/tpBIyyPR9d
Darna Falafel,"40.6870876,-73.993931",Brooklyn,https://www.zabihah.com/biz/7e9w0gOeTQ
Hadi,"40.640831,-73.9688369",Brooklyn,https://www.zabihah.com/biz/50TutBbjDd
Mazeish Grill,"40.719281,-73.986476",Brooklyn,https://www.zabihah.com/biz/12LUoxWG3u
Le Baobab Gouygi 2,"40.6807598,-73.9520965",Brooklyn,https://www.zabihah.com/biz/puKxHfeeXF
Krown Fried Chicken,"40.6407298,-73.9483445",Brooklyn,https://www.zabihah.com/biz/sLn9Zda7Nv
Cortelyou Bazaar,"40.6381151,-73.9768848",Brooklyn,https://www.zabihah.com/biz/ls8XBphkt9
Bombay Xpress,"40.6929024,-73.9366997",Brooklyn,https://www.zabihah.com/biz/pvho5dY9c1
Taj Masala,"40.684379,-73.929667",Brooklyn,https://www.zabihah.com/biz/3oe9uVIEhw
Pita Pan,"40.6720033,-73.9771147",Brooklyn,https://www.zabihah.com/biz/KnP9ZBASou
Lahori Chilli,"40.632453,-73.967181",Brooklyn,https://www.zabihah.com/biz/Q6ELZuz4Oj
The Halal Spot,"40.6932336,-73.9663152",Brooklyn,https://www.zabihah.com/biz/5uufT6LVoI
Dixie Chicken & Grill ,"40.6293792,-74.0229344",Brooklyn,https://www.zabihah.com/biz/xhK6C8WrQd
KFC,"40.6442097,-73.9705449",Brooklyn,https://www.zabihah.com/biz/q9oOcoK4DH
H&W Gourmet Deli,"40.6512839,-73.9449659",Brooklyn,https://www.zabihah.com/biz/X2ZXZhRT2R
Efes CafÃ© & Bakery,"40.5778981,-73.961479",Brooklyn,https://www.zabihah.com/biz/JaNz4rXMWO
M&S Deli & Grocery,"40.6554992,-73.9502298",Brooklyn,https://www.zabihah.com/biz/pA5ZGRN0UK
Tutt CafÃ©,"40.7002023,-73.9932799",Brooklyn,https://www.zabihah.com/biz/cnvHfJktSp
Texas Chicken & Burgers,"40.6500097,-73.9608009",Brooklyn,https://www.zabihah.com/biz/A9U0Rbj09e
Crown Fried Chicken,"40.6507762,-73.9453556",Brooklyn,https://www.zabihah.com/biz/q0Dk7aRdrE
Zatar CafÃ© Bistro,"40.698,-73.9245856",Brooklyn,https://www.zabihah.com/biz/Z6mwcP6vYB
Mandela Halal Buffet,"40.670099,-73.9363336",Brooklyn,https://www.zabihah.com/biz/7FifmDFo0u
My House Burgers & Shakes,"40.5908457,-73.9694465",Brooklyn,https://www.zabihah.com/biz/jsHoMCTVbp
DÃ¶ner Kebab NYC,"40.6920744,-73.9875789",Brooklyn,https://www.zabihah.com/biz/tzTFSbUauD
Grill Hut,"40.6838129,-73.9676444",Brooklyn,https://www.zabihah.com/biz/9CaLK2MIei
Old Baku,"40.6358404,-73.9775048",Brooklyn,https://www.zabihah.com/biz/cGEpYZRaye
Habib 1 Deli,"40.658003,-73.960068",Brooklyn,https://www.zabihah.com/biz/G7e0RAcK9D
Kusharista,"40.6209667,-74.0258534",Brooklyn,https://www.zabihah.com/biz/jxeylsL8aw
Bab Marrakech,"40.6304933,-74.0219219",Brooklyn,https://www.zabihah.com/biz/R3NJsLqlO8
Halal Xpress,"40.6130525,-73.9968338",Brooklyn,https://www.zabihah.com/biz/Hp1h5P4LQr
Burgerim,"40.6209667,-74.0258534",Brooklyn,https://www.zabihah.com/biz/1nwAvETSuD
3 Guys Gyro,"40.706266,-73.9432261",Brooklyn,https://www.zabihah.com/biz/0Ql1oA96w6
Istanblue Kings,"40.6042113,-73.9742563",Brooklyn,https://www.zabihah.com/biz/9F8hbvLgG0
Liman,"40.5835256,-73.9411485",Brooklyn,https://www.zabihah.com/biz/Sl9eVLW4zy
Tava,"40.6731566,-73.98329",Brooklyn,https://www.zabihah.com/biz/3Re9nAZ4tw
Jasper Kane CafÃ©,"40.6942793,-73.9864981",Brooklyn,https://www.zabihah.com/biz/oxIuhBVsRv
Cava Grill,"40.6926226,-73.9884258",Brooklyn,https://www.zabihah.com/biz/uyJGAGWDOp
Cocoa Grinder,"40.7016576,-73.9228243",Brooklyn,https://www.zabihah.com/biz/jVUeo1rvOX
Seed,"40.6755084,-73.9813116",Brooklyn,https://www.zabihah.com/biz/lMp7ysvdIy
Hills Kitchen,"40.7024548,-73.9251666",Brooklyn,https://www.zabihah.com/biz/VBl0EWDTrh
Ata,"40.6838129,-73.9676444",Brooklyn,https://www.zabihah.com/biz/w8dsOAjnTu
Asaba Kitchen,"40.6826088,-73.9149247",Brooklyn,https://www.zabihah.com/biz/m40bDMUjsg
India House,"40.6787135,-73.9498726",Brooklyn,https://www.zabihah.com/biz/Y758E08SiH
Texas Chicken & Burgers,"40.6786392,-73.9494617",Brooklyn,https://www.zabihah.com/biz/mm6ciWMAk1
Sakib,"40.7119891,-73.9626715",Brooklyn,https://www.zabihah.com/biz/J2WR2qESrA
Papa's Halal Crispy Chicken & Gyros,"40.6562397,-73.908518",Brooklyn,https://www.zabihah.com/biz/51rWCE8yCV
Mezbani Sweets & Restaurant,"40.6426041,-73.9791628",Brooklyn,https://www.zabihah.com/biz/yCtxlz7YEI
Punjab Restaurant,"40.64059,-73.968982",Brooklyn,https://www.zabihah.com/biz/WDzQYl7gho
Istanbul Fast Food,"40.601685,-73.993761",Brooklyn,https://www.zabihah.com/biz/gCr3QaoqFb
Papa's Halal Fried Chicken & Pizza,"40.6322919,-73.967024",Brooklyn,https://www.zabihah.com/biz/RLVbw0jLDD
Bismillah Kabab & Curry,"40.679068,-73.864979",Brooklyn,https://www.zabihah.com/biz/yxsANjdOIA
Blue Nile West Indian,"40.65819,-73.960321",Brooklyn,https://www.zabihah.com/biz/8jKm12JWzt
Affy's Premium Grill,"40.6108618,-73.9623065",Brooklyn,https://www.zabihah.com/biz/AfPECixKnE
Karam Restaurant,"40.6229992,-74.0282464",Brooklyn,https://www.zabihah.com/biz/ixtKF0Xqm1
Man'ouche,"40.627718,-74.023096",Brooklyn,https://www.zabihah.com/biz/6fKQINEnz0
Grill N Dine,"40.6382579,-73.9686838",Brooklyn,https://www.zabihah.com/biz/JTTkPyCrVh
Hazar Turkish Kebab,"40.631186,-74.022212",Brooklyn,https://www.zabihah.com/biz/OsprvTeFXW
Tanoreen,"40.629945,-74.028532",Brooklyn,https://www.zabihah.com/biz/DCcNgqNcqm
Pizza Chef,"40.6798704,-73.9403952",Brooklyn,https://www.zabihah.com/biz/DrubSiSThg
Bosna Express,"40.7048,-73.9024164",Brooklyn,https://www.zabihah.com/biz/yMli5KfwVW
Kabob Shack,"40.7107319,-73.9582523",Brooklyn,https://www.zabihah.com/biz/yKhuPLrFk2
Skyway Restaurant & Kabab House,"40.600643,-74.0007675",Brooklyn,https://www.zabihah.com/biz/nCOo1Ndglc
Kebab Garden,"40.575963,-73.981059",Brooklyn,https://www.zabihah.com/biz/5z3gPzlKhp
Bukhari,"40.630903,-73.965993",Brooklyn,https://www.zabihah.com/biz/cE7GqmNuht
Bahar Masala,"40.633409,-73.967438",Brooklyn,https://www.zabihah.com/biz/eoaesoZzgJ
Memo Shishkebob,"40.6103182,-73.9548778",Brooklyn,https://www.zabihah.com/biz/Ej5uorqg4p
New Texas Fried Chicken,"40.700277,-73.906497",Brooklyn,https://www.zabihah.com/biz/4foiHACQp7
Nablus Sweets & Pastries,"40.6340825,-74.0207785",Brooklyn,https://www.zabihah.com/biz/MsP5vL2lNa
The Bahche,"40.6732078,-73.9904822",Brooklyn,https://www.zabihah.com/biz/Pxa7AVXYU8
Lasiaf Taco & Lounge,"40.61229,-73.9257922",Brooklyn,https://www.zabihah.com/biz/BMXItdVnje
Al-Sham Sweets & Pastries,"40.7685066,-73.9112051",Queens,https://www.zabihah.com/biz/DkKtzhzpCK
Duzan Mediterranean Grill,"40.774463,-73.919296",Queens,https://www.zabihah.com/biz/aANIB7ne1z
El Souk,"40.765797,-73.913089",Queens,https://www.zabihah.com/biz/Tygn6SB2V2
Teal,"40.7712184,-73.9080305",Queens,https://www.zabihah.com/biz/WppH2Pv8Yb
One Stop Pizza & Restaurant,"40.7574759,-73.9315856",Queens,https://www.zabihah.com/biz/2hNdqqKkoe
Alfarha Deli,"40.7671711,-73.9125016",Queens,https://www.zabihah.com/biz/QDyrt2goWd
C-Town Supermarket,"40.7068927,-73.8059363",Queens,https://www.zabihah.com/biz/TYZZWzXxiQ
On The Nile CafÃ©,"40.7556716,-73.9277477",Queens,https://www.zabihah.com/biz/rJ7sqL4Q6o
Taci's,"40.710562,-73.850354",Queens,https://www.zabihah.com/biz/6yBkoLUx6O
El-Omda,"40.7674644,-73.9181613",Queens,https://www.zabihah.com/biz/rWmncgiZ9F
Xhale Hookah Lounge,"40.7208812,-73.8464557",Queens,https://www.zabihah.com/biz/pRn5JQjZRa
Shawarmania,"40.7749823480844,-73.9120097458363",Queens,https://www.zabihah.com/biz/qq4Fg9cvK2
Shah's Halal Food,"40.7107099145651,-73.7930396944284",Queens,https://www.zabihah.com/biz/KbveMoSpE9
54th Street Halal Express Deli,"40.5927314,-73.7841695",Queens,https://www.zabihah.com/biz/aJDeBzkUpK
Uma's,"40.5861159,-73.815624",Queens,https://www.zabihah.com/biz/walMmdU9Rg
Turkish Grill,"40.74378423392773,-73.92218068242073",Queens,https://www.zabihah.com/biz/QmYqlCqgkh
Kennedy Deli,"40.6662602,-73.7791751",Queens,https://www.zabihah.com/biz/JQKlbtfEVq
Khyber Kabab ,"40.69768846035004,-73.83600667119026",Queens,https://www.zabihah.com/biz/IZOMh8gzKx
Singas Famous Pizza,"40.9826044,-73.8265533",Queens,https://www.zabihah.com/biz/jNxbrw0qmJ
Texas Chicken & Burgers,"40.7366982,-73.7121228",Queens,https://www.zabihah.com/biz/DFOgzaANkC
Pamir Kabab House & Grill,"40.7299197,-73.8151748",Queens,https://www.zabihah.com/biz/dBca5DwQDU
Dhanshiri,"40.7108279,-73.7920135",Queens,https://www.zabihah.com/biz/vO8K4YQolN
Madina Halal,"40.750112,-73.89848",Queens,https://www.zabihah.com/biz/gHQPh9CkCc
Truva CafÃ© & Grill,"40.7750641,-73.9116188",Queens,https://www.zabihah.com/biz/f5Gmp8TknD
Samis Kabab House,"40.7584954,-73.9331222",Queens,https://www.zabihah.com/biz/O4E0rqPe9Y
Kebab Empire,"40.7593211,-73.8290528",Queens,https://www.zabihah.com/biz/0hM1B6RnMB
Platinum Hookah Lounge & CafÃ©,"40.6740154,-73.8003075",Queens,https://www.zabihah.com/biz/c1Wsyh4bFG
Bakhter Halal Kabab,"40.7332144,-73.7947442",Queens,https://www.zabihah.com/biz/NHftROIdIB
Addy's BBQ,"40.7617157,-73.9170409",Queens,https://www.zabihah.com/biz/AN610sedCG
Halalbee's,"40.7134136,-73.7795649",Queens,https://www.zabihah.com/biz/2OPHJr7tE7
Aria Kabab,"40.727566,-73.813313",Queens,https://www.zabihah.com/biz/gvKvZ9kQPd
KFC,"40.762838,-73.915873",Queens,https://www.zabihah.com/biz/KC1Ad0q3Ol
Munch,"40.7208839,-73.8461877",Queens,https://www.zabihah.com/biz/JCAIiAzj9A
Darbar's Chicken & Ribs,"40.6886781,-73.8179253",Queens,https://www.zabihah.com/biz/jo2l8ROGQY
Kennedy Fried Chicken,"40.7111202,-73.7918675",Queens,https://www.zabihah.com/biz/nguupzvnYN
Fatima's Halal Kitchen,"40.7631286,-73.9275423",Queens,https://www.zabihah.com/biz/C9agH2gTS9
Carifesta,"40.6886964,-73.8178694",Queens,https://www.zabihah.com/biz/V4lLhRYfZF
Tokyo Hibachi Steak House & Sushi,"40.7397962,-73.7894833",Queens,https://www.zabihah.com/biz/L009wxkVfJ
Nur Thai,"40.72363615036011,-73.86878527700901",Queens,https://www.zabihah.com/biz/xlFu18JlVm
Halal Kitchen,"40.714656,-73.774853",Queens,https://www.zabihah.com/biz/bNoYU1ve5r
Crown Fried Chicken,"40.7135721,-73.7799005",Queens,https://www.zabihah.com/biz/yf4e7Jp6im
Balkh Shish Kabab House,"40.774161,-73.913347",Queens,https://www.zabihah.com/biz/gZ5GE09Rph
Upi Jaya,"40.743224,-73.8886552",Queens,https://www.zabihah.com/biz/smiJH48xf5
Sarajevo Fast Foods,"40.75201,-73.930159",Queens,https://www.zabihah.com/biz/Lb3evxm53V
Firdos Grill & CafÃ©,"40.767225,-73.912076",Queens,https://www.zabihah.com/biz/OfxEL4bt7Y
Halal Sandwich Shop,"40.766305,-73.912679",Queens,https://www.zabihah.com/biz/3Hu4NxTMQh
Marhabah Halal,"40.688953,-73.816846",Queens,https://www.zabihah.com/biz/Rc2MBDoYe0
Halal Kitchen (II),"40.72779,-73.891674",Queens,https://www.zabihah.com/biz/0kSkXafzSA
Bakhtar Afghan Halal Kababs,"40.7331182,-73.7945027",Queens,https://www.zabihah.com/biz/I9kCqwHtZo
Halal Dynasty,"40.712031,-73.789384",Queens,https://www.zabihah.com/biz/qTdUmzi9bw
Istanbul Restaurant,"40.73071,-73.863852",Queens,https://www.zabihah.com/biz/ojDL29v01a
Starlight Grill,"40.764923,-73.8888",Queens,https://www.zabihah.com/biz/SPdn3oUGNA
Choopan Kabab,"40.751846,-73.826353",Queens,https://www.zabihah.com/biz/3czzsoieFT
Kabab Diner,"40.674635,-73.804479",Queens,https://www.zabihah.com/biz/hPXdysykRj
Little Morocco,"40.768057,-73.911516",Queens,https://www.zabihah.com/biz/o8EnWLjYIH
Mangal Turkish Restaurant,"40.74285,-73.918491",Queens,https://www.zabihah.com/biz/EeciqBg9fF
Tangra Asian Fusion (II),"40.7440906,-73.9252779",Queens,https://www.zabihah.com/biz/P6ntICLUiB
Kabul Kabab House,"40.753919,-73.827502",Queens,https://www.zabihah.com/biz/TGyHp9f9tM
Al-Mehran,"40.708235,-73.803297",Queens,https://www.zabihah.com/biz/PXa1YdrKpZ
S&A West Indian Restaurant,"40.681619,-73.83754",Queens,https://www.zabihah.com/biz/culylD1bIa
Kabab CafÃ©,"40.767954,-73.911947",Queens,https://www.zabihah.com/biz/8jyo6Bi7HD
Shah's Halal Food,"40.69981,-73.831917",Queens,https://www.zabihah.com/biz/bJJScwgULm
Afghan Kebab House #5,"40.765682,-73.913191",Queens,https://www.zabihah.com/biz/C1eW1X0vdm
Indo Foods Halal Cart,"40.6865852,-73.8232564",Queens,https://www.zabihah.com/biz/HnDOuImJ45
Halal Kitchen,"40.7404884,-73.9225849",Queens,https://www.zabihah.com/biz/0F1W5XqRad
Ariana Kebab Palace,"40.7107247,-73.792929",Queens,https://www.zabihah.com/biz/FYdOOOU6KP
Palace Fried Chicken,"40.7597123,-73.9366831",Queens,https://www.zabihah.com/biz/4IvSfdYdI6
Crown Grill Fried Chicken & Pizza,"40.7292866,-73.8153541",Queens,https://www.zabihah.com/biz/nspZJVA8Jc
Abdul Halal Food Cart,"40.6862006215262,-73.8241747761637",Queens,https://www.zabihah.com/biz/AaFrvPFwEA
Mombar,"40.7674217,-73.9122501",Queens,https://www.zabihah.com/biz/mk0EgraCfw
Abou Bakery,"40.715376,-73.749671",Queens,https://www.zabihah.com/biz/DdGESlkoxT
Curry Point Halal Grill,"40.7399567216635,-73.9239107072353",Queens,https://www.zabihah.com/biz/ES1P4cBac8
Palace Chicken,"40.694969,-73.843134",Queens,https://www.zabihah.com/biz/NwY6uO5e9V
Halal Gyro & Chicken,"40.7329409529956,-73.8496035628964",Queens,https://www.zabihah.com/biz/koFEI4rB0f
Kennedy Fried Chicken,"40.76289899647236,-73.83136376738547",Queens,https://www.zabihah.com/biz/j8DFX1IHrw
Rose Bengal,"40.680369,-73.860529",Queens,https://www.zabihah.com/biz/Tr2AjS43OQ
Nanking,"40.674839,-73.803978",Queens,https://www.zabihah.com/biz/umBqOeI2nd
Aden Restaurant,"40.768194,-73.91179",Queens,https://www.zabihah.com/biz/r8cuFofbFH
Hot N Sour,"40.7460951,-73.9000045",Queens,https://www.zabihah.com/biz/nkI2PUJqQr
Our Village Roti Shop,"40.715845,-73.747413",Queens,https://www.zabihah.com/biz/4Wwzv9VsEy
Silk Hookah Lounge & Grill,"40.757586,-73.788981",Queens,https://www.zabihah.com/biz/abJvqYUoel
Anando,"40.757022,-73.9309444",Queens,https://www.zabihah.com/biz/8KiyaR0Fm1
Jerusalem Pita House,"40.7678483,-73.9234617",Queens,https://www.zabihah.com/biz/Sc2v3bKBc4
Just Combo,"40.7822419,-73.914068",Queens,https://www.zabihah.com/biz/B2KA7YG0kS
Namaste,"40.7667034,-73.9207487",Queens,https://www.zabihah.com/biz/2uXEpNxSNu
Saffron Indian Cuisine,"40.757166,-73.915751",Queens,https://www.zabihah.com/biz/AzX1OK5f4r
Chang Pai,"40.709427,-73.795526",Queens,https://www.zabihah.com/biz/Mm0aaPhppd
Taste of Bengal,"40.7660902,-73.9220229",Queens,https://www.zabihah.com/biz/FIOpSNwSlH
Djerdan Burek,"40.7359518,-73.9343788",Queens,https://www.zabihah.com/biz/k1HQJyuciF
Dhaka Garden,"40.749065,-73.892934",Queens,https://www.zabihah.com/biz/lmiOjUW5uM
Asian Halal Food Restaurant,"40.7555079,-73.9409309",Queens,https://www.zabihah.com/biz/WCUzssKtjD
Halal Tikka,"40.6994649,-73.830388",Queens,https://www.zabihah.com/biz/BAJDUcx4AO
Tutu's Halal Kitchen,"40.7336654,-73.8693688",Queens,https://www.zabihah.com/biz/o62VK4u3ob
SABA Restaurant & Grill,"40.7661236822605,-73.9131087809801",Queens,https://www.zabihah.com/biz/kDCVInGGQ5
Aladdin Sweets & Restaurant,"40.7571292,-73.9312514",Queens,https://www.zabihah.com/biz/ulyrpCdMSm
Richi Rich Palace,"40.6921456,-73.8351201",Queens,https://www.zabihah.com/biz/WtcW6mpG0K
Patoug,"40.7487082,-73.7576493",Queens,https://www.zabihah.com/biz/qcV0Z6z8EP
Shah's Halal Food Cart,"40.7142383197977,-73.8305693452517",Queens,https://www.zabihah.com/biz/WRryMMmZY0
Swaad,"40.7569552,-73.9310007",Queens,https://www.zabihah.com/biz/LDTFO708ic
King Kabab,"40.703707,-73.8220305",Queens,https://www.zabihah.com/biz/AlKTOM9MVZ
Green Apple Delight,"40.7689842,-73.9248167",Queens,https://www.zabihah.com/biz/uqQwCKTFef
Naz Bakery & Roti Shop,"40.713781,-73.755515",Queens,https://www.zabihah.com/biz/WzFjS7J4Pr
Crown Fried Chicken,"40.720362,-73.7602689",Queens,https://www.zabihah.com/biz/mm7kuoyqlE
Halal Cart,"40.72424499734421,-73.75484290619832",Queens,https://www.zabihah.com/biz/N0OjcPf5Lu
Halal Cart,"40.721070874820626,-73.75941127373852",Queens,https://www.zabihah.com/biz/Pkrh9RuX80
Arya Kabob House,"40.7666136,-73.7896131",Queens,https://www.zabihah.com/biz/XWilu4VOvl
Tasty Fried Chicken Pizza & Grill,"40.691832,-73.812084",Queens,https://www.zabihah.com/biz/V6QBK3NYr4
Farid Grill,"40.7674989849329,-73.91199432313442",Queens,https://www.zabihah.com/biz/NY1IxyJGl8
Ignited Restaurant & Lounge,"40.763076,-73.915301",Queens,https://www.zabihah.com/biz/HYBBYFFfl1
Desi Food Market,"40.6843364238739,-73.83229784667492",Queens,https://www.zabihah.com/biz/mFemz6xk9q
Tayaba Gyro,"40.7875386,-73.8129365",Queens,https://www.zabihah.com/biz/NJQPqQvetV
Jackfruit Garden,"40.71517176926136,-73.80760408937931",Queens,https://www.zabihah.com/biz/LtnRad0EHW
New Bakhtar,"40.696891,-73.8374947",Queens,https://www.zabihah.com/biz/PndA5FqPoA
Uncle's Fried Chicken,"40.708619,-73.7990451",Queens,https://www.zabihah.com/biz/URHzAZEqCz
Joe's Pasta & Pizza,"40.6941235,-73.8500014",Queens,https://www.zabihah.com/biz/VEV8gL7Jfx
Kurry Qulture,"40.765023,-73.9170116",Queens,https://www.zabihah.com/biz/T1InbzEz5h
Rockaway Roti,"40.6759581,-73.8153292",Queens,https://www.zabihah.com/biz/wmshqn2Sdy
Lhasa Fast Food,"40.7474859,-73.8919144",Queens,https://www.zabihah.com/biz/uuKXcmSfGO
Zahid's Halal Food,"40.7296299,-73.7408823",Queens,https://www.zabihah.com/biz/U6fJQyTVxD
Tawa Food,"40.7475607,-73.893948",Queens,https://www.zabihah.com/biz/Sg7JL2dRh3
Yi Lan Halal,"40.753275,-73.8271162",Queens,https://www.zabihah.com/biz/ZReOk5Hjoc
Yaar,"40.774797,-73.911866",Queens,https://www.zabihah.com/biz/voAQz9gOBr
Asian Taste 86,"40.74176,-73.8786019",Queens,https://www.zabihah.com/biz/nBAdBUhHSr
Punda,"40.742101,-73.925166",Queens,https://www.zabihah.com/biz/Q0l6DqdTeM
Mirch,"40.7122016,-73.7893913",Queens,https://www.zabihah.com/biz/bVraTyhw2z
Namaste Tashi Delek,"40.7470984,-73.8917629",Queens,https://www.zabihah.com/biz/EXkmo1yIGq
Krispy Krunchy Chicken,"40.7129954,-73.7834415",Queens,https://www.zabihah.com/biz/jtmFw5WvTw
King of Falafel & Shawarma,"40.7622701,-73.9254721",Queens,https://www.zabihah.com/biz/iKe4ESlez2
Brother's Pizzeria,"40.7696902,-73.9311412",Queens,https://www.zabihah.com/biz/NpJbNXKud3
Tikka Grill,"40.7646665,-73.8871776",Queens,https://www.zabihah.com/biz/VCi7VmRsJy
Punjabi Kabab & Gyro,"40.6873043,-73.8353188",Queens,https://www.zabihah.com/biz/8V8JTJmalP
Gaw Gai,"40.7457108,-73.9453483",Queens,https://www.zabihah.com/biz/P9rm4ul2Bu
Malingo,"40.74301,-73.920954",Queens,https://www.zabihah.com/biz/ykv4NZxiEN
Dumpling,"40.7554542,-73.8147071",Queens,https://www.zabihah.com/biz/KfZlsIeOjX
Heat Caribbean Kitchen & Lounge,"40.689761,-73.844089",Queens,https://www.zabihah.com/biz/YGhwriUr97
Erqal,"40.7593211,-73.8290528",Queens,https://www.zabihah.com/biz/B88XKsYNJq
Apnar Sweets & Bakery,"40.710211,-73.794998",Queens,https://www.zabihah.com/biz/K27nx66LfL
Mis Kebab,"40.641951,-73.6664221",Queens,https://www.zabihah.com/biz/IjOx0rApR9
Kabab & Gyro Grill,"40.690357,-73.814718",Queens,https://www.zabihah.com/biz/6mVx2OjeOv
Hamza & Medina Halal Food,"40.7364947,-73.713286",Queens,https://www.zabihah.com/biz/wFVpPVdAaG
Trinciti Roti Shop,"40.6803276,-73.8210003",Queens,https://www.zabihah.com/biz/q4GxBGn5K6
Mejbaan Restaurant & Darbar Banquet Hall,"40.7488463,-73.8910298",Queens,https://www.zabihah.com/biz/MHFmHZoq5O
Prince Kabab,"40.7475022,-73.891824",Queens,https://www.zabihah.com/biz/Ez9ukNVayb
Abdullah Sweets & Restaurant,"40.7487151,-73.8924824",Queens,https://www.zabihah.com/biz/gEGrFUz9Kb
Meghna Grocery & Halal Meat,"40.7488018,-73.8911744",Queens,https://www.zabihah.com/biz/kGE6jjBVKf
Mannan Halal Meat,"40.7485316,-73.892854",Queens,https://www.zabihah.com/biz/Vux6l9tsyP
Merit Kabab,"40.7471137,-73.8912256",Queens,https://www.zabihah.com/biz/l5mIGe5QTp
Zaytoun,"40.7471947,-73.8837387",Queens,https://www.zabihah.com/biz/QOiq5v3lRt
PappaRich,"40.7590931,-73.8322441",Queens,https://www.zabihah.com/biz/nhIUK0RR2G
Junoon CafÃ© & Grill,"40.7267767,-73.7884133",Queens,https://www.zabihah.com/biz/St8Ocw0zjo
Shahi Deggi Grill,"40.7516022,-73.8258594",Queens,https://www.zabihah.com/biz/vRlnzsvx3v
Souk El Shater,"40.7437391,-73.9211617",Queens,https://www.zabihah.com/biz/kGldVALorN
Ukus,"40.7628952,-73.9131534",Queens,https://www.zabihah.com/biz/0XTQyIH3oQ
Al Nour Foods,"40.7631469,-73.9139826",Queens,https://www.zabihah.com/biz/ncBJnM0ZpI
Atomic Wings ,"40.7076199,-73.8036884",Queens,https://www.zabihah.com/biz/hGk3Zj1MII
Kennedy Fried Chicken,"40.710211,-73.794998",Queens,https://www.zabihah.com/biz/rkIJ0DzkIF
New Texas Chicken & Pizza,"40.7498173,-73.8984519",Queens,https://www.zabihah.com/biz/lXTn6UowB5
Il Miglio Pizza,"40.761208,-73.939607",Queens,https://www.zabihah.com/biz/svLWgUfJuU
LIC Grill,"40.7555809,-73.9413399",Queens,https://www.zabihah.com/biz/sVOtjmYgCH
Hot Peppers,"40.73646,-73.7469081",Queens,https://www.zabihah.com/biz/EdROUmpADv
CimCim,"40.7750008,-73.9095623",Queens,https://www.zabihah.com/biz/uilecqd82a
AwesomeSauce,"40.7686913,-73.9106466",Queens,https://www.zabihah.com/biz/mLB6xb9AW5
Cevabdzinica Sarajevo,"40.7570074,-73.9218943",Queens,https://www.zabihah.com/biz/Qvd6fGERRU
Halal Munchies,"40.7325881,-73.8045483",Queens,https://www.zabihah.com/biz/RQM2PGiklL
Halal Boyz,"40.7393953,-73.7902244",Queens,https://www.zabihah.com/biz/aj1dOLTM5z
Bakhtar Halal Kabab,"40.7335258,-73.8249284",Queens,https://www.zabihah.com/biz/akuqtBsdkc
Agra Palace Restaurant & Party Hall,"40.7159258,-73.8326116",Queens,https://www.zabihah.com/biz/ITuSUUTtAe
Adana TÃ¼rkish Grill,"40.7127391,-73.784531",Queens,https://www.zabihah.com/biz/zZ8Rh3knF6
Burgerim,"40.7209984,-73.8048669",Queens,https://www.zabihah.com/biz/KD1xRfEo7t
Chicago's Pizza With-A-Twist,"40.6933759,-73.8294774",Queens,https://www.zabihah.com/biz/WKkZM6LSmn
Farine Baking Company,"40.7488954,-73.8910453",Queens,https://www.zabihah.com/biz/a7RniFszr0
Khan Halal Food,"40.6998333,-73.8310458",Queens,https://www.zabihah.com/biz/rhDTkb51UW
El-Rawsheh,"40.76681,-73.912829",Queens,https://www.zabihah.com/biz/ugjOXsrBwk
Tangra Masala,"40.7362711,-73.878555",Queens,https://www.zabihah.com/biz/xqavJ4sNkb
Kababish,"40.7477219,-73.8939209",Queens,https://www.zabihah.com/biz/1LaMlwa4RO
Sagar Restaurant,"40.710485,-73.794303",Queens,https://www.zabihah.com/biz/s7JfZgcNVv
Sunshine Restaurant,"40.7542729,-73.8973226",Queens,https://www.zabihah.com/biz/K7TVpAYmRm
Al-Naimat Sweets & Restaurant,"40.7487977,-73.8916373",Queens,https://www.zabihah.com/biz/yBKP8EER0d
34th Avenue Halal Cart,"40.7566855,-73.9208625",Queens,https://www.zabihah.com/biz/dDFds1gpA1
BBQ Village Palace,"40.713236,-73.7813071",Queens,https://www.zabihah.com/biz/FWuaxNHgBi
Amina Thai,"40.7107274,-73.7929057",Queens,https://www.zabihah.com/biz/9dPUTMW8hH
Talk of the Town,"40.7480732,-73.8935493",Queens,https://www.zabihah.com/biz/j0MQtJpEJk
Queens College Halal Cart,"40.73856,-73.81506",Queens,https://www.zabihah.com/biz/tuROsVGqbB
Sagar Chinese,"40.711767,-73.793134",Queens,https://www.zabihah.com/biz/g9I3HDucfm
Bakhtar Afghan Halal Kababs,"40.7338553,-73.8253524",Queens,https://www.zabihah.com/biz/dQDKrvSrQu
Sammy's Halal,"40.7471,-73.8924",Queens,https://www.zabihah.com/biz/2pRABwlQxe
Chick Inn,"40.7334181,-73.7368898",Queens,https://www.zabihah.com/biz/O7jRQZ5uov
Tandoori Hut,"40.69355,-73.827474",Queens,https://www.zabihah.com/biz/Rs8nDhUUJU
Dhaka Sweets & Restaurant,"40.710337,-73.793636",Queens,https://www.zabihah.com/biz/0vrdzYyuux
Madina Halal Food Cart,"40.759655,-73.830101",Queens,https://www.zabihah.com/biz/gnAV8s1dpV
Original American Chicken,"40.749382,-73.887892",Queens,https://www.zabihah.com/biz/OCdAs1IAJ1
Kabab King Diner,"40.748929,-73.89337",Queens,https://www.zabihah.com/biz/5DhT5daugX
Ali Baba,"40.7394485,-73.7907311",Queens,https://www.zabihah.com/biz/ENgt7Zn8lL
Tawa Tandoor,"40.749332,-73.8918265",Queens,https://www.zabihah.com/biz/JsBK4ip6b3
Halal Cart,"40.6671,-73.8103",Queens,https://www.zabihah.com/biz/gP40hk8HPf
Ghoroa,"40.710515,-73.793805",Queens,https://www.zabihah.com/biz/L2D48kQWLJ
Halal Food/BBQ Chicken,"40.7558767,-73.8326032",Queens,https://www.zabihah.com/biz/lCpKMigk85
Cedars Halal Meat,"40.763119,-73.913984",Queens,https://www.zabihah.com/biz/Q1QzWX3VOz
Super China Pagoda,"40.7609479,-73.9087509",Queens,https://www.zabihah.com/biz/oOOM6ZT3a1
Jackson Heights Food Court,"40.74715,-73.892259",Queens,https://www.zabihah.com/biz/SH5VhAyYtI
Taste of Lahore,"40.7545956,-73.8933331",Queens,https://www.zabihah.com/biz/oPXsmfDBSF
Mia Halal Food,"40.6800676,-73.8444031",Queens,https://www.zabihah.com/biz/GbLqxL7dwk
JFK Airport Travel Plaza,"40.661584,-73.793355",Queens,https://www.zabihah.com/biz/e3GOm2hmNr
Afghan Kebab House #4,"40.748893,-73.891506",Queens,https://www.zabihah.com/biz/nKVgt13PC6
New Sunshine Grill & Restaurant ,"40.7366609,-73.7124951",Queens,https://www.zabihah.com/biz/lssA9WJzcz
Bownie,"40.753951,-73.81837",Queens,https://www.zabihah.com/biz/8Y8zVy1SF2
Roti Boti,"40.7719643,-73.9261344",Queens,https://www.zabihah.com/biz/9JPgeab8Ql
Taipan Fusion & Hookah Lounge,"40.7398179,-73.7894025",Queens,https://www.zabihah.com/biz/AzmrHkxXko
Maurya,"40.7217764,-73.8669904",Queens,https://www.zabihah.com/biz/GJ2T7tuppd
Eat & Go,"40.6356086730957,-73.785270690918",Queens,https://www.zabihah.com/biz/rmHgLCdS35
The Halal Guys,"40.7462844,-73.9424869",Queens,https://www.zabihah.com/biz/h84kbfV2MI
Layali Beirut,"40.76659,-73.913111",Queens,https://www.zabihah.com/biz/5WVZnLiOya
Angelina's Panini Bar,"40.7711746,-73.8685565",Queens,https://www.zabihah.com/biz/mXJcdEbzL4
Dera ,"40.7477371,-73.8935183",Queens,https://www.zabihah.com/biz/45t3Cd9F5T
Al-Aqsa,"40.8363537,-73.8547896",The Bronx,https://www.zabihah.com/biz/qg48YDLzz8
Ziyadeh Halal Meat Market & Grocery,"40.848232,-73.867252",The Bronx,https://www.zabihah.com/biz/mQc7O43V0h
Norwood Food Co-op,"40.874813,-73.878848",The Bronx,https://www.zabihah.com/biz/3OHAj2EsQm
US Fried Chicken,"40.8271089,-73.9249905",The Bronx,https://www.zabihah.com/biz/OkFmgMmcKn
Musa Halal Chinese ,"40.833649,-73.8569686",The Bronx,https://www.zabihah.com/biz/6vmeVBu45t
AKS Halal Deli & Grill,"40.872759,-73.87788",The Bronx,https://www.zabihah.com/biz/Z8wRjUvaN7
Halal Hot Fried Chicken,"40.8356052,-73.8633274",The Bronx,https://www.zabihah.com/biz/k6f6TUgUAt
Arth AlJanatain,"40.847301,-73.866642",The Bronx,https://www.zabihah.com/biz/bg1vMEFnzB
Oasis,"40.8475870639086,-73.8672537356615",The Bronx,https://www.zabihah.com/biz/7Yei8jQ6Uh
Curry & Kabob,"40.8750076,-73.8794779",The Bronx,https://www.zabihah.com/biz/GcyuYpNNvu
Halal Coffee Shop,"40.832379,-73.916363",The Bronx,https://www.zabihah.com/biz/RvzTGebFJd
Fordham Fried Seafood & Chicken,"40.8615755,-73.8972657",The Bronx,https://www.zabihah.com/biz/XAuCfOcwns
Kebab Curry Halal Food,"40.8363224565983,-73.8529776781797",The Bronx,https://www.zabihah.com/biz/ArVC1JF5pY
Mehman Sweets,"40.835734,-73.8551689",The Bronx,https://www.zabihah.com/biz/rAfuwDxq3D
Tajdar,"40.862907409668,-73.8661880493164",The Bronx,https://www.zabihah.com/biz/uVdM0809lq
Tastebud Foods,"40.8186002,-73.9037599",The Bronx,https://www.zabihah.com/biz/9ylm1jlIos
Texas Chicken & Burgers,"40.8539504,-73.908221",The Bronx,https://www.zabihah.com/biz/VkWU94hG9Q
Texas Chicken & Burgers,"40.8339573,-73.8519996",The Bronx,https://www.zabihah.com/biz/YdhuBTGb91
Texas Chicken & Burgers,"40.8669641,-73.8965545",The Bronx,https://www.zabihah.com/biz/EDIJKPwUtd
Texas Chicken & Burgers,"40.8528634,-73.8277618",The Bronx,https://www.zabihah.com/biz/31RyeNVQe1
Texas Chicken & Burgers,"40.8153024,-73.9186395",The Bronx,https://www.zabihah.com/biz/9ICC4fgjwW
Texas Chicken & Burgers,"40.8409602,-73.8414939",The Bronx,https://www.zabihah.com/biz/4bnHt5zFTf
Halaloo Food,"40.8555378,-73.8872733",The Bronx,https://www.zabihah.com/biz/vxNI3M1Gt6
Chandni Chowk,"40.8653005,-73.8613343",The Bronx,https://www.zabihah.com/biz/IxiAeVLdY0
Kennedy Fried Chicken & Pizza,"40.8175447,-73.8982893",The Bronx,https://www.zabihah.com/biz/ttLSKp3HuK
Caffe Lanka,"40.8339502,-73.8520771",The Bronx,https://www.zabihah.com/biz/MBeKj9klbZ
Kennedy Fried Chicken & Pizza,"40.8522925,-73.9042792",The Bronx,https://www.zabihah.com/biz/V99Js7FUdh
Teuta Qebaptore,"40.8547467,-73.8879181",The Bronx,https://www.zabihah.com/biz/Bd4ek45Iro
Sofra,"40.8544719,-73.8550788",The Bronx,https://www.zabihah.com/biz/XM5lRgg7Sm
Papaye,"40.8574002,-73.8991932",The Bronx,https://www.zabihah.com/biz/w3kprr9qVR
Bate Nabaya,"40.8237224,-73.9138683",The Bronx,https://www.zabihah.com/biz/lFoDbLAL4V
Fouta,"40.83141,-73.86799",The Bronx,https://www.zabihah.com/biz/8ZSHt3AmTs
Grin African,"40.8314425,-73.9074615",The Bronx,https://www.zabihah.com/biz/NFvJlg1lHK
Ãka Ka QÃ«llu,"40.853927,-73.8882215",The Bronx,https://www.zabihah.com/biz/lQlT8hMXaP
Bengal Halal Chinese & Tandoori House,"40.8308619,-73.8618015",The Bronx,https://www.zabihah.com/biz/x2UXaOgZF5
Aman,"40.885040089488,-73.8794215768576",The Bronx,https://www.zabihah.com/biz/2PcfSWFTOz
Falafel King,"40.8364194,-73.9213277",The Bronx,https://www.zabihah.com/biz/PbkrX9WML0
Premium Sweets,"40.8360334485769,-73.8548505306244",The Bronx,https://www.zabihah.com/biz/x29zPBTIWc
King Palace Chicken & Gyros,"40.87905,-73.9046694",The Bronx,https://www.zabihah.com/biz/CoUTKkqDtx
Hungry Bird,"40.8284184,-73.916853",The Bronx,https://www.zabihah.com/biz/LfCER5yKVy
Kennedy Fried Chicken,"40.8785897,-73.8733474",The Bronx,https://www.zabihah.com/biz/rHSAB4tsp3
Moja,"40.87300109863281,-73.87813568115234",The Bronx,https://www.zabihah.com/biz/bgycTmvrNf
Shaad,"40.8360739,-73.8536313",The Bronx,https://www.zabihah.com/biz/5T2jHdGgod
Jenny's Roti Shop,"40.8337302,-73.8511636",The Bronx,https://www.zabihah.com/biz/yqgdZXi5Bz
Naan Shack,"40.8357105,-73.8551846",The Bronx,https://www.zabihah.com/biz/ThVLIGH2aW
Tito Boss Halal Truck,"40.8815451,-73.8798179",The Bronx,https://www.zabihah.com/biz/rNFZ6moKZD
Chicken vs. Lamb Big Taste,"40.8491013,-73.8461857",The Bronx,https://www.zabihah.com/biz/f1OQCOGSVi
Packsun Halal Chicken,"40.833928,-73.852373",The Bronx,https://www.zabihah.com/biz/ljlfOmVsON
Mr. Pizza,"40.8361635,-73.8600089",The Bronx,https://www.zabihah.com/biz/idFxKuka8J
The Grill House,"40.849824,-73.864656",The Bronx,https://www.zabihah.com/biz/mlN3OVQuyE
Carifesta,"40.8947716,-73.8566224",The Bronx,https://www.zabihah.com/biz/H7MeVoK2Mx
Alba International Food,"40.583233,-74.095262",Staten Island,https://www.zabihah.com/biz/eqGrDSX6XS
Shop & Eat,"40.624702,-74.144805",Staten Island,https://www.zabihah.com/biz/QJd9XR50G6
Seaside Turkish,"40.5955124,-74.0630683",Staten Island,https://www.zabihah.com/biz/AZ6MspkmfY
Famous Falafel,"40.551081,-74.150392",Staten Island,https://www.zabihah.com/biz/I6F9j786kZ
Papa's Halal Chicken,"40.6252772,-74.1484573",Staten Island,https://www.zabihah.com/biz/KDTDgGCt3J
Sahara Xpress,"40.598457,-74.0823909",Staten Island,https://www.zabihah.com/biz/RXM3YJfUAA
Sumac,"40.626465,-74.12968",Staten Island,https://www.zabihah.com/biz/znOxHABbd1
Indian Clove,"40.604816,-74.0830674",Staten Island,https://www.zabihah.com/biz/koXxeGV1bm
Papa Chuck Halal Chicken,"40.623893737793,-74.0825424194336",Staten Island,https://www.zabihah.com/biz/r8zywLRCd1
My Pizza,"40.608921,-74.08784",Staten Island,https://www.zabihah.com/biz/csXYRBq2eK
Halal Crown Chicken,"40.640462,-74.1312001",Staten Island,https://www.zabihah.com/biz/TOmwhUfDji
Mandi House,"40.6441663,-74.0770345",Staten Island,https://www.zabihah.com/biz/gDUFARZMQX
Crown Fried Chicken & Burgers,"40.640462,-74.1312001",Staten Island,https://www.zabihah.com/biz/LV7kdlItG3
Crown Peri Peri Chicken & Grill,"40.6122658,-74.1295473",Staten Island,https://www.zabihah.com/biz/Sh5DlRa9Tx
Bistro Grill,"40.5425821,-74.1453515",Staten Island,https://www.zabihah.com/biz/bli5TopQ0k
King Gyro,"40.6122658,-74.1295473",Staten Island,https://www.zabihah.com/biz/suk90XtkK8
New Asha,"40.6342969,-74.0854346",Staten Island,https://www.zabihah.com/biz/FpovDOzsai
Al-Humza,"40.611378,-74.088565",Staten Island,https://www.zabihah.com/biz/KJQRFLMkpH
Kebab & Gyro King,"40.62635,-74.131967",Staten Island,https://www.zabihah.com/biz/7isY8PdVCp
Ali Baba Grill,"40.625484,-74.144516",Staten Island,https://www.zabihah.com/biz/QbcvZ8l8Os
Pizzken,"40.5872614,-74.1041064",Staten Island,https://www.zabihah.com/biz/Esklm1Inf5
